สัปดาห์ (วันจันทร์),กลุ่ม,คำค้น,หน้าของเรา,คลิก,การแสดงผล,CTR %,ตำแหน่งเฉลี่ย,ตรวจมือ: อยู่เหนือร้านขายต่อไหม (เหนือ/ใต้/ไม่ติดหน้าแรก),หมายเหตุ
,แบรนด์และชื่อร้าน,ตราสิงโต,https://mtthardware.com/products/safety-pins-lion-brand.html,,,,,,
,แบรนด์และชื่อร้าน,เข็มกลัดตราสิงโต,https://mtthardware.com/products/safety-pins-lion-brand.html,,,,,,
,แบรนด์และชื่อร้าน,เข็มกลัด MTT,https://mtthardware.com/products/safety-pins-lion-brand.html,,,,,,
,แบรนด์และชื่อร้าน,ม.ทวีภัณฑ์,https://mtthardware.com/,,,,,,
,แบรนด์และชื่อร้าน,ม.ทวีภัณฑ์ สำเพ็ง,https://mtthardware.com/,,,,,,
,แบรนด์และชื่อร้าน,กุญแจตราสิงโต,https://mtthardware.com/products/tools-padlock.html,,,,,,
,เข็มกลัดซ่อนปลาย,เข็มกลัดซ่อนปลาย,https://mtthardware.com/products/safety-pins.html,,,,,,
,เข็มกลัดซ่อนปลาย,เข็มกลัดซ่อนปลาย ขายส่ง,https://mtthardware.com/products/safety-pins-wholesale.html,,,,,,
,เข็มกลัดซ่อนปลาย,เข็มกลัดยกกล่อง,https://mtthardware.com/products/safety-pins-wholesale.html,,,,,,
,เข็มกลัดซ่อนปลาย,เข็มกลัดกล่องละกี่ตัว,https://mtthardware.com/articles/safety-pins-how-many-boxes.html,,,,,,
,เข็มกลัดซ่อนปลาย,เข็มกลัดเบอร์ 000,https://mtthardware.com/products/safety-pins-000.html,,,,,,
,เข็มกลัดซ่อนปลาย,เข็มกลัดเบอร์ 0,https://mtthardware.com/products/safety-pins-0.html,,,,,,
,เข็มกลัดซ่อนปลาย,เข็มกลัดเบอร์ 2,https://mtthardware.com/products/safety-pins-2.html,,,,,,
,เข็มกลัดซ่อนปลาย,เข็มกลัดงานวิ่ง,https://mtthardware.com/products/safety-pins-running.html,,,,,,
,เข็มกลัดซ่อนปลาย,เข็มกลัดติดเบอร์วิ่ง,https://mtthardware.com/products/safety-pins-running.html,,,,,,
,เข็มกลัดซ่อนปลาย,เข็มกลัดติดป้ายราคา,https://mtthardware.com/products/safety-pins-tags.html,,,,,,
,เข็มกลัดซ่อนปลาย,เข็มกลัดผ้าอ้อม,https://mtthardware.com/products/safety-pins-diaper.html,,,,,,
,เข็มกลัดซ่อนปลาย,เข็มกลัดเบอร์ไหนใช้ทำอะไร,https://mtthardware.com/articles/which-safety-pin-size.html,,,,,,
,ไฟฟู่,ไฟฟู่,https://mtthardware.com/products/jet-lighter.html,,,,,,
,ไฟฟู่,ไฟฟู่ขายส่ง,https://mtthardware.com/products/jet-lighter.html,,,,,,
,ไฟฟู่,ไฟแช็กหัวพ่นไฟ ยกกล่อง,https://mtthardware.com/products/jet-lighter.html,,,,,,
,ไฟฟู่,ไฟฟู่ยี่ห้อไหนดี,https://mtthardware.com/articles/which-jet-lighter-brand.html,,,,,,
,ไฟฟู่,ไฟฟู่ยกกล่องไปขายต่อ,https://mtthardware.com/articles/jet-lighter-wholesale-margin.html,,,,,,
,เครื่องมือช่าง,WYNNTOOLS,https://mtthardware.com/products/tools.html,,,,,,
,เครื่องมือช่าง,เครื่องมือช่าง ขายส่ง,https://mtthardware.com/products/tools.html,,,,,,
,เครื่องมือช่าง,ร้านเครื่องมือช่าง สำเพ็ง,https://mtthardware.com/,,,,,,
,เครื่องมือช่าง,ประแจเลื่อน ขนาดไหน,https://mtthardware.com/articles/adjustable-wrench-sizes.html,,,,,,
,เครื่องมือช่าง,ประแจเลื่อน ขายส่ง,https://mtthardware.com/products/tools-wrenches.html,,,,,,
,เครื่องมือช่าง,คีมล็อก ราคาส่ง,https://mtthardware.com/products/tools-holding.html,,,,,,
,เครื่องมือช่าง,คีมย้ำหางปลา,https://mtthardware.com/products/tools-electrical.html,,,,,,
